{
  "file": "outputs/runs/demo_full/cases.jsonl",
  "total_lines": 120,
  "skipped": 7,
  "params": {
    "alpha": 0.8,
    "beta": 0.15,
    "gamma": 0.05,
    "p_lock": 0.6,
    "margin": 0.15,
    "swap_tau": 0.2,
    "temperature": 1.0
  },
  "general_only": {
    "num_cases": 113,
    "top1_accuracy": 0.9646017699115044,
    "top3_accuracy": 1.0,
    "mean_mrr": 0.9793510324483776,
    "exclusive_rank_dist": {
      "top1": 0.9646017699115044,
      "top2": 0.017699115044247787,
      "top3": 0.017699115044247787,
      "other": 0.0
    },
    "top1_ci95": [
      0.9125024891789997,
      0.9861500455346639
    ]
  },
  "final_decision": {
    "num_cases": 113,
    "top1_accuracy": 0.8938053097345132,
    "top3_accuracy": 1.0,
    "mean_mrr": 0.943952802359882,
    "exclusive_rank_dist": {
      "top1": 0.8938053097345132,
      "top2": 0.08849557522123894,
      "top3": 0.017699115044247787,
      "other": 0.0
    },
    "top1_ci95": [
      0.8235128799466425,
      0.9382021256677961
    ]
  },
  "doctor_first_rerank": {
    "num_cases": 113,
    "top1_accuracy": 0.9646017699115044,
    "top3_accuracy": 1.0,
    "mean_mrr": 0.9793510324483776,
    "exclusive_rank_dist": {
      "top1": 0.9646017699115044,
      "top2": 0.017699115044247787,
      "top3": 0.017699115044247787,
      "other": 0.0
    },
    "top1_ci95": [
      0.9125024891789997,
      0.9861500455346639
    ]
  }
}